{"x_off_std": [0.35628059568044707, 0.49582305298400203, 0.7937687026119371, 1.1911033082279385, 2.227565791181039, 3.5670235515481146, 5.0749461515818, 6.670393370286243, 9.188829955248961, 11.46195467994243], "z_std": [0.0429646116162203, 0.12871899624162222, 0.27799006209575366, 0.3486167294603969, 0.46547501493935395, 0.3788267465050402, 0.4087944058965724, 0.36996241631740406, 0.3276881230064062, 0.3569628625972168]}
