{"cameraHeight": 1.7860000133514405, "cameraPitch": 0.07854893803596497}